UserID,Username,Email,PasswordHash,Salt,CreatedAt,IsActive
,Correna8380,Correna8380@example.com,b183e3830847908519379c237f8b706f7d96013f48a93c7abc373a986a89cf51,83bc5556b73db8d24e00f5bbf03c55f2,2021-01-27 05:57:50,0
,Kissie6495,Kissie6495@example.com,8751e3c9e78adfe3b6f13b72cb12ac39f24c70c00b72f228849ae0c2be9142a3,9d42f479d3f267be3b6110e02ff092d0,2006-04-26 12:31:44,0
,Timothea7141,Timothea7141@test.com,52e16186c6814d141bb8ec219f45296309c4a412db65f9c96455c8dab0d390e0,ca8eab50bb1272425f003d9093706b23,2021-01-10 14:35:28,0
,Rheta6800,Rheta6800@test.com,6012522c3e9f0dd0371ab9731d268fc9c2ccc19b262760e28ab024f01c7e0c00,b0f9ac46a11a779fcb0944df5227ab86,2001-05-29 12:35:07,0
,Roda8122,Roda8122@demo.com,17e975308279077022b6ab0d714a7176232642c48b36d89b1ab4f7cae63b4107,efc34c47e4913a5d3905b42184895217,2006-06-04 16:07:26,0
,Tabatha9796,Tabatha9796@test.com,89b1679f8ae3eda05817a21205cf212d803ee4305645befa5ef5f010ffe2c935,273d5bb5669a668ae908fb89fea6913f,2020-07-01 21:12:24,0
,Frieda2287,Frieda2287@test.com,dc5593fe7d331adf3d77d682d30da8ee9c6e3f7c05d998beef5be72adfa91ba1,c6264025deec9821550dba4899b08c8e,2007-03-08 20:56:17,0
,Dusty5101,Dusty5101@demo.com,1ed787ca160bc2b97f31280c05f4a55d84e1cee4d92cc5970e3222315e76faa7,a25e35cd259c71b777c4520ca3650de3,2008-03-12 11:07:21,0
,Simone2784,Simone2784@example.com,f645b4915e915294f0726788e17838292fe265333b1382705efa4b97bf0eaed5,4b881fe9846a99d9315cf4288da368b5,2021-02-08 23:32:13,0
,Lorita4635,Lorita4635@demo.com,3be25df5299222f04fde03e79c0f54a99f4fe76e9c4d9314264efde08debebd1,305c9f5803444533d9ab2a1a13d0f1ae,2019-03-31 20:17:15,0
,Cosetta5715,Cosetta5715@example.com,fe1aedf80e3231bcbe1507c4e1e069c0ae0910b5c62ae27e8791b9be12c2256d,29b6f1643a8456ffe4f541d42b913ea9,2022-07-28 19:25:20,0
,Ethelda8769,Ethelda8769@demo.com,4f127c38b64cd22d22ce0f7bfea7f825c20972abbde09a0a75c935fb7baa06f7,9f241448889d5fb838cf40adef4c7c51,2015-06-16 22:31:11,0
,Joli9094,Joli9094@demo.com,835fd5c64aee364a364bcfdd4304ccd96cb62cfa74d3ed8a20b3fb071d48596c,88d63d6ca76a1b8a1374ced418ad69b3,2001-07-17 23:51:56,0
,Minnaminnie5398,Minnaminnie5398@demo.com,6a263d549cdae8eb0cda039ba8723b1b80e20bdcb3c74cc298f332e421ce4f78,ff7dd25ba47dfb7acb80b5e7afd5d4f2,2003-10-10 23:06:39,0
,Darcee5312,Darcee5312@demo.com,f7566be0dacaa40004b6807329c7dc482185d49baeced7e5e66bb28c1a5483e0,6ce16de8e3a601638b877cfec600ab71,2006-01-03 10:17:39,0
,Julienne9946,Julienne9946@test.com,cb125c2f9e1a7aa2c63f3ef2f333c1c3cc4c52b304b70b5125bb290ac7fb2eee,07c074cbfcd6e90b979fcc4d6fb32463,2023-03-03 04:32:26,0
,Marni1117,Marni1117@demo.com,4fcabf215c81454c6a6a1aac8bb3e5e69d19b09d584cb32989e0a7733e8b1c15,07fae2b425fa1c2b64ce3185ecf59e82,2007-03-25 11:58:00,0
,Sibby5776,Sibby5776@example.com,8fcfde36a13b28c4a4d1b117fbe6044f33d428f2ee1548e4f59809b71705f1ca,ea18a13143594a01717e4da293803b50,2007-02-17 12:06:31,0
,Ertha9101,Ertha9101@demo.com,6ba175a9fa304246f3f7ed9eec332aa6e62485ebcc17ff9ecf670752dcf145cc,bc5e2e720dd4b83ed09bc1a3c73e2f83,2003-10-28 18:31:34,0
,Avis2929,Avis2929@test.com,2316d156d49f6c319b7d56bfaf00e355829feb630d5306bafddd969658bf3c9e,eb99304f7a7687997eb0a7183c82846e,2008-11-25 12:00:10,0
,Sallyann6929,Sallyann6929@demo.com,0b9ac4382ba461745432054a9b3362ba7ae6e44b9564f48424941d9514baa794,7c237bd7f13c3f49b896f57239020365,2006-03-31 06:39:51,0
,Jania2131,Jania2131@test.com,8484b85e042ebb60821218644304580c378b34e34e3d839e5f2537d5c60059b4,6e6132ae05098290a6f8668adae6a594,2012-01-15 03:18:39,0
,Adriena7339,Adriena7339@example.com,2d6f173275233c6cc5dac50965f76586b31c699ff1b36ddae5baa023191dcee9,25c592e499f4e5969d054d1d9f2f87bc,2022-07-31 20:25:42,0
,Aurelie1667,Aurelie1667@demo.com,51850da597e0a8ae95337f6ed3468b6cd0ce11098ec07e9abb3e671ce3f421bc,21c1909b23647c3b7508763289ef73ec,2000-01-09 23:27:34,0
,Nat1167,Nat1167@demo.com,878501741acb8479c5f57e46b8770845ba348f36cbfbdcf9da1057521afab79f,40a03094da5d4321aacb5943a09b78a6,2012-06-20 19:06:32,0
,Edin8356,Edin8356@example.com,80109e878a6ea55479cb29a31c35d3b7ca5ef852235b10153a01653ce5e140b7,ab340544e87b0025c6de8dea5e6a1554,2009-08-18 16:35:55,0
,Jacki9811,Jacki9811@example.com,0f290c5c32e2418270f6998060c442a1a0716fa8351e60e4434426b4e36bec81,3801a8ffeaabb226a32cf30fd794ab69,2023-09-21 15:34:37,0
,Neda5906,Neda5906@example.com,1248f1f77babf9c9d284230a05e81111595b486abc2e2e623796f4bf40330975,ebdd8a7b8793806e7062dfd596d51017,2000-09-19 08:42:58,0
,Elie6679,Elie6679@test.com,a659a827ee673bb6f91fb043da35d46b19704224e6c7171705f246915dad52eb,33b2b2acdf7574a5f0c0ac734cfaee88,2006-07-06 05:27:51,0
,Nerte9317,Nerte9317@example.com,6d96ad12689b22e0f6ea2d03b22a8409438cfea78e1e34d07db580bdf247276d,e951f3b512f32ee5d2c1d27d8e04924a,2013-11-17 04:49:01,0
,Ianthe7406,Ianthe7406@demo.com,aa7833bf80e79bb46c71ceaa0d56760bdfd8e2aef540b5d64eed738629b53c7c,5b728e5211ab82b8c26e02e5e0a6593a,2024-08-26 20:47:35,0
,Randie4819,Randie4819@demo.com,e2d9bfcbf14f03eba815309b54e427f5fc50db759fa53b54d9cce424f66c76b2,196c50adef4f88cc2a4aea7711792aee,2021-02-14 02:25:16,0
,Ede9863,Ede9863@example.com,e84e6bc8329113487b3b14767d241b5c6d6d02db93aaf3bcd27863430b57d715,ada212b2ee9c6fcede06c19a06edb170,2013-01-10 11:02:00,0
,Katrinka3465,Katrinka3465@test.com,bda1c4dd60c20903d31deb8481d83e8678ddada6e328a395e43e319279f9728a,6b3ed82f15b4035c30349a90d9ac4940,2022-12-11 23:49:03,0
,Kameko6879,Kameko6879@test.com,7f00ed063177e70214901c08ba03c6a47451e368fa50ab52af13f626d439113b,d96808c17c6fb1c532aed0fd50abac28,2005-09-28 08:20:36,0
,Stesha9707,Stesha9707@demo.com,252705257ffd3fc5a5858195345820a69ff4244c62fed481c7e2057fe2221964,8a4d0fbd2ad60fd7ff01739e47d9d981,2011-06-29 23:54:58,0
,Juana9099,Juana9099@demo.com,aae4994a63b612c37a890ce24fbcc01eaac6b7df23c0723e2b7a77603511e9a8,d5a11061a4060830517bed841386f38a,2005-07-31 08:30:56,0
,Octavia6284,Octavia6284@demo.com,85372b4238b050e459f1f42259815b5f313c2473a3fde5bea01e24e06b58181d,504ab10c8de7aef48179ff3f56ea88c9,2008-10-01 15:10:36,0
,Sal5749,Sal5749@example.com,315ef316526fc5234a7a24aacf7a626720dcbd0d7c29e44d30ca627b9a12dbf9,e55a9d9a26ce9439ff316349e188aa4f,2010-08-21 02:40:13,0
,Kippie7404,Kippie7404@test.com,d7f19eea88f0feb077b6d2fd8442b4c43cdfdbe84fad95fb29a74fc3eb82920b,31454b3f511eff7fe112687dcf7cca6f,2005-11-01 01:38:31,0
,Pamella4534,Pamella4534@example.com,9befd59598021d5b34452f61ab3c1855a2436a6a1a2296881ea33b8811f335ab,629a1eeea007e7e2c2e5ac52450c99c9,2006-01-01 22:15:14,0
,Hayley3574,Hayley3574@example.com,08570f4316e20438927a66ebe0a0b195a450d3c28b0c51f32e0c144b76ef6804,386197772e0a4442c3d7dd979a14110a,2011-01-15 16:15:01,0
,Theresa5931,Theresa5931@test.com,0f8819621d19a6cb01fde9708e1d0423e27f59e810f922af42ef1bef51af5375,f5a8ee8d55c32f8c23c44a0631b94ffe,2016-05-01 03:42:29,0
,Lorene8342,Lorene8342@example.com,bd99e6e2c741ff222359b4ef3b1f4c98d8acf471098f2728c8c73b24efb0242f,f4c3c81a8665d372f0aa3edb9895073f,2015-10-12 14:39:19,0
,Lily2264,Lily2264@test.com,d91a95e8b00d14d6ff8f5bd206cf6a6bf7d3d56ee9d14dde64b9a871639e10e8,8f09ca2247a1aeabee4676b5b2aeb224,2005-09-24 09:37:28,0
,Ardyce1637,Ardyce1637@test.com,3d21459a4ea59e0bd353d0a55fcf7f84ca22b9ae5b2d12c3d40f0f892c428832,0d75bad33ee5203b6dad2acb6a4630da,2000-05-22 04:54:33,0
,Ainslie1631,Ainslie1631@test.com,a75a91c71859d5ab728439869482c2ee74ff426232f8632bc751343cfc063214,402b2e834a0532467b82cd99443f2888,2019-03-01 07:44:35,0
,Nikaniki2495,Nikaniki2495@example.com,08f8333d4fc03ffb67b1a99bfb456717c41d1014731f2ee3a60bf5dfd5f301a9,dabf5cd7987793f463029fda44759998,2003-03-22 10:19:18,0
,Austine5864,Austine5864@example.com,95223adb690bdaccd479509e4f03f4f635c4d7b552e28bcd460cd19bb8901ee6,31efff75b0a26a88bc5815673d5c0378,2006-10-02 23:06:19,0
,Corabelle4487,Corabelle4487@example.com,7643e208bd6ea0af847ff2292a375296c8ba9fd1d3e367a2127794772c6db85f,adf99cc27693e1fb591d810d2b38625b,2006-05-31 11:53:17,0
,Charis3841,Charis3841@demo.com,1ceec88ec4fa9bd8a7c3ef33ade9d98ef772d99afef60eec8e19b08ecacba223,b2e2a8c1de12e8cdc2172b58662ba0dc,2011-08-05 03:35:09,0
,Marybelle4396,Marybelle4396@test.com,03072b5a77430eb428ab182d009841cc4d7fe513330c636c99e604b28eead0bb,16d2fb5a6d12ca2dcf5a7bbc95dcbf0d,2024-03-30 20:34:55,0
,Dione2432,Dione2432@test.com,6a5435ec79d21bb89eab7c70d4bb5d3f3ae99493ad49c43cd38bf9b504da1dec,b5f561a3f15936a634053b38a62e77a4,2004-11-26 17:45:56,0
,Renae4834,Renae4834@example.com,7c19d7d262a69698285e16bfd8f1ebddbacf6fda37b96cb279420e0f0b2200a0,cc2d2fee217db01a0995c944d8f3bb8b,2019-03-16 15:12:10,0
,Nichol5806,Nichol5806@demo.com,2a929d43d34d206d932966b5c76f557812a57da173f289027d48ea118563198e,329969baeb8e041ce01cefe31f92501d,2024-06-08 17:36:00,0
,Cherida7834,Cherida7834@test.com,b6ac56f35719f97fbf2c507af8c1aca776d43cab79ae0165b5ca55c0025de4c5,e52f924512174b1530388de0905b1f31,2019-04-26 10:05:58,0
,Evvy8728,Evvy8728@example.com,c7bf4bdd1f8910443d04fa9a1d9d357d53268c581ddc73fab26361bc0c691366,5d01c23de05e730a8fe53604e68eacbc,2005-05-10 08:08:20,0
,Prisca4368,Prisca4368@example.com,bcfcb725950232f5cd249fa0e8cc6a9b1db58ea2a6ff2a113a25af81770a073a,526ef069150b37f3564b0ee2acebf480,2017-06-07 06:48:28,0
,Damara3349,Damara3349@demo.com,77a826ea0f0d9fbc495be7ca0bed03e6ca3eae96b6fbc3f4e02f4504b751877d,5118122ba435955e77eeaa5cbb74daa2,2004-10-23 23:19:06,0
,Drusie8971,Drusie8971@example.com,92c6f19d49c836cd3ee97698d47f4c93fa1f8a1debe28e24e8c10613d89a0557,ccf4144102a6c8dc16eb11f2c15e4082,2004-03-28 07:36:46,0
,Carmencita1201,Carmencita1201@test.com,703e8a6e94cfb063b90753cd3edacdb1e166d9d0a58824fc3bb232b1c8b1e7d1,80eb331b4624e5156fbf88c7b54f7916,2021-11-26 17:29:18,0
,Avivah9828,Avivah9828@demo.com,8eccc9888083c20b45eca5e9f4ec6a54c306f2882a94500688b429ece830ec03,f0e97feffb79219d60a8203b2cd946c0,2023-09-25 22:07:51,0
,Tabatha6079,Tabatha6079@test.com,31f3ce9f98a64a1a3559197870cc3b45a39a9fd9c8887456a74b38deb6daad42,7c6eeddf28645fb6fe7c1591bcfb3a22,2002-08-14 22:54:58,0
,Frederica3656,Frederica3656@test.com,64157726a787dafb09e92f37efacb5f053484492f9b32395e047420228ac1489,55dfb48bf7fe99f596339a1365cbf41c,2001-05-06 04:33:45,0
,Ashien3465,Ashien3465@demo.com,86bc3fdcd5d8d19f3ea41bf73613247b997394c09fa96fd29aca56d4495c2e1e,b62063d1a07a279f0740c6c0cb24c95d,2003-07-09 14:51:28,0
,Blinni1683,Blinni1683@example.com,36abef98803ed35559c6ec14577226cc2cf9938808fe430662fbf943349766d0,8d2a217d3e223da37cf6a9b1d867cb14,2008-01-13 07:41:08,0
,Delly5595,Delly5595@example.com,bb69738c7636a64525e65fa0cf418d0d71fbaba8d08b2f2cf11046aca6a6345e,e776d26ed7f57e69a0a18ed9f23a1d03,2023-05-10 17:51:10,0
,Allina4059,Allina4059@test.com,10da8c93031ce575aa562e1432764517f8f7414c1aa7af04253633478da9c2e8,8fcefd5f9e3773d2a8378d305b4a54bc,2021-12-12 05:18:02,0
,Jessamine3590,Jessamine3590@example.com,a14fd7616b93768adb8929a7bca32b8f5b2032d282770407b65cb8a8481e53d6,6665000823cdfbba4045d822a55450d2,2019-06-17 18:25:40,0
,Calla1519,Calla1519@example.com,94afb89d8e49f31b12298fe7c5bc4971688d50937c22e21589f37ce2bdd318b4,118a00eeaa61b1473710492e2f54477d,2016-04-03 07:10:08,0
,Lanette6176,Lanette6176@example.com,8d44f74b9ba3cc729985f459507b309f3ff5e316f09b662f0e6e08630eee7c49,7e80aa2c95948da625b7ff025bff96b1,2003-12-23 06:18:45,0
,Modesta2020,Modesta2020@test.com,f106790a3aeebd28bbef26b991b4c38984d6cfd32e7b76d032d87ae2240003e3,8905951a30910723b544053f982ab0d8,2020-11-12 00:09:52,0
,Hestia6715,Hestia6715@demo.com,f67229ce5ca081ff9226d667e17e70f5b311a45a9217ca67ca37b6490e3592b9,8d27837b3006e058bc4186d8abd782a5,2023-02-27 00:09:04,0
,Ted3144,Ted3144@test.com,db4f2a067869aa3ca39f3908b3cde38ce9902ca0aaa57e7686009e4183cf1d0b,09e1ba78796cff2c314a5e1dbc2fa658,2023-07-08 23:32:15,0
,Easter9806,Easter9806@example.com,a1b30cffb7942b30e201829af946f2e474805085fbaa547af332ce6785eb80e5,2083598234ca30ac8b39d4d814e2d645,2002-09-13 22:43:21,0
,Candi5700,Candi5700@test.com,5b5c8005d56b2176a8ecc3b6d825a094dfe2d38c5fd294fff94fec77bd967d77,06d4933b7acd4648e61334315184faf3,2024-09-01 08:21:04,0
,Blondelle3025,Blondelle3025@example.com,1bdaa85d9df5a30151fab62d01d4b3a7e192c3e2a8fe152411fa7082d5de1025,a0a9702e96fd084e7f8c452651072739,2008-09-11 14:19:23,0
,Rhiamon6805,Rhiamon6805@test.com,f2ac50f01812b344c53ab4e2cb545fa966c4322b29c8472fae250583ee047ee4,a5cfb99b67b0b0913358cb1f66c0e9e2,2012-12-10 06:55:18,0
,Gusti4517,Gusti4517@test.com,ab5f5525628c205b02dfcac8e05cd4fd40c2a14650f5a257141ac55afde3ede5,d1bdb6809338947788732ac9a3519b92,2023-09-02 17:24:31,0
,Martelle5988,Martelle5988@test.com,3f0d8a807cd1f305653813b09c0320305d9d09a26ac2481873cdc3beb8d3f89c,da2e4a9ab2033940e2b34e7d4877624f,2012-02-12 23:55:57,0
,Lidia7879,Lidia7879@test.com,b8c7e729b0f74d1cb458d7dfc8ced07d1df0ca290ff9ff1bb68e644cd5a4c077,c59b70d00c0c834238306d85278473fb,2015-12-05 02:44:13,0
,Lois4152,Lois4152@test.com,cf2ae2e1f860d80eb8039c4a911b7d76802558d2f1630ccf2901ff4212b4affe,8c898fb81e5f8696f1ed0a1acac07c00,2009-12-29 14:15:29,0
,Jacynth2237,Jacynth2237@test.com,3b2f06cc5678ebe8b04a44af032a5636366ffd39839c74303655cda186f9f415,a2f290ce6768ba1ce14541950c8cea88,2001-07-18 01:09:54,0
,Mariette3732,Mariette3732@example.com,ab8447d3a1765a0bbe12dbd4d77fc5c67e22431a24dd9dacdb3526c1b878d0c1,d119adc7b5bfd6bc5d52546ff67c4897,2011-02-21 01:53:38,0
,Nollie1607,Nollie1607@demo.com,e6f45d965362c6ed685b0ad5075b058b865fc8d8fca22ace9a9d0bcccee1f2f5,5aee74b14ec78f4282874e0102f21c01,2016-08-08 23:56:05,0
,Nissy2669,Nissy2669@example.com,f564b8e96b1050f32e7df259638d05df48b50482ffa7ec3170b72e8648f6ac30,eaaffa368feed4de3703b9d66bc8f1b9,2001-05-16 20:03:37,0
,Maighdiln5569,Maighdiln5569@demo.com,f13f7bb329eafa31c44ab5831555bb3470a4f60a340bc1c2eb878269780d2b53,0cddb8bf5d11029edfdd2b9ae17c58d8,2024-01-30 06:44:09,0
,Inga3928,Inga3928@test.com,7f59cc6f69573491fbfaab958e0773485b2cfb8d687d6fb45a0cb15467080bf4,7174312b5413eb5eec8be9bce7941e86,2009-02-21 18:01:29,0
,Jacynth3673,Jacynth3673@test.com,8b5249fa077d076b13db7b8045de9f1bdeee9f60d449111b64fef4775e4dca17,50718dbd74a36400f1032ed632377055,2004-04-07 07:35:58,0
,Tessie8024,Tessie8024@demo.com,4d87304ed59fe6a5ac37df3f36a99f6692a515685c202f1d852d8636eb5addf1,9d1e02fd8de8eddd15297d484e270c9e,2023-03-31 11:44:28,0
,Dorisa4520,Dorisa4520@test.com,6eecaefe1a4aaefebd8ed889313408744f486b5ebf740e7d47cd0fa62df6cb07,5ee9867c4ade56379baa2181cca6f1bd,2015-01-10 08:53:58,0
,Phaidra4456,Phaidra4456@example.com,074076f5ae8f3122024db6c7a9fc62726bea406aa11dddf8817d89d2d3ed62bb,21c4e5f97942d0caa01ffa120d686221,2019-08-06 14:02:13,0
,Damara5989,Damara5989@test.com,e6fa4516e66a67b512a9fd29236ad5cd6a997710d69a77d0a7edbcd4991e0e9f,3c998922cea26c40cb1cb6482e888ea9,2003-10-21 11:22:47,0
,Arlie2222,Arlie2222@demo.com,c434da1670f0c94730f58e4cb80a589d2547b935b56b858f969eca804c7a1d11,1e7d4fe80649503162a90bb923f514e9,2005-07-31 11:12:23,0
,Winna8475,Winna8475@test.com,b1b1831fadcec51be2e25937f35483699b8ce999d8bcfe1b640f776fec745ac5,1e6eb51ceea8138ffed1bd8c41776f21,2008-05-11 06:00:43,0
,Tonya2314,Tonya2314@demo.com,2c9af8de8c58d369cb6e54d51939f42940ef1e5d3c3d1c196516bf5ed0c75cd6,f13978e9680157e94dd21da62bff0d61,2002-04-02 22:39:48,0
,Ginnifer1055,Ginnifer1055@demo.com,6377ed4fcb35dbe7f448645d3aa191f696a0545aa8c08b99a32cbf588adbb356,531cb899bab158b11f420bc7c74b7198,2011-05-11 02:13:42,0
,Kelsy1990,Kelsy1990@test.com,98a2ef88c6f9360f0a802f273db332df8313512beafb70e52bbdb10779ae6394,50fc2898e7c041522acb2aff1fa12585,2017-10-24 23:43:24,0
,Edita3313,Edita3313@example.com,4174eef5db16d5e7a677c739fc7efba948e7f2b30b985dfabb2558f6c688e389,faabcfa133d32e7163521ef68c404a8f,2019-11-17 23:35:14,0
,Linnie6579,Linnie6579@example.com,d44e7a6b3ef53ddb3aacd41fbaf2b24e5f39e7c7b1e4c048ff6bb4d2c4f372a6,9b5e38588403b7affa4dcd5d8bcbaa0a,2022-03-15 23:44:09,0
